{
  "fechaActual": "2022-01-01",
  "eventos": [
    {
      "id": 1,
      "image":"Feria de comidas7.jpg",
      "name": "Fiesta de las colectividades",
      "date": "2021-12-12",
      "description": "Disfruta de tus platos favoritos, de los diferentes paises, en un evento unico para toda la familia",
      "category":"Feria de Comida",
      "place": "Salón A",
      "capacity": 45000,
      "assistance":42756,
      "price": 5
    },
    {
      "id": 2,
      "image":"Salida al museo5.jpg",
      "name": "Parque Juracico",
      "date": "2021-11-02",
      "description": "Vamos al museo de paleontologia a hacer un recorrido increible para conocer los mas grandes dinosaurios",
      "category":"Salida al Museo",
      "place": "Campo",
      "capacity": 82000,
      "assistance":65892,
      "price": 15
    },
    {
      "id": 3,
      "image":"Fiesta de disfraces1.jpg",
      "name": "Noche de Halloween",
      "date": "2022-02-12",
      "description": "Ven con tu personaje disfras mas aterrador para ganar increibles premios",
      "category": "Fiesta de Disfraces",
      "place": "Salón C",
      "capacity": 12000,
      "estimate":9000,
      "price": 12
    },
    {
      "id": 4,
      "image":"Concierto de musica1.jpg",
      "name": "Metallica en Concierto",
      "date": "2022-01-22",
      "description": "Unico recital de la banda mas emblematica ",
      "category": "Concierto de Música",
      "place": "Salón A",
      "capacity": 138000,
      "estimate":138000,
      "price": 150
    },
    {
      "id": 5,
      "image":"Maraton3.jpg",
      "name": "10K por la vida",
      "date": "2021-03-01",
      "description": "Ven y haz ejercicio, mejora tu salud y tu estilo de vida",
      "category": "Carrera",
      "place": "Campo de Futból",
      "capacity": 30000,
      "assistance":25698,
      "price": 3
    },
    {
      "id": 6,
      "image":"Libros7.jpg",
      "name": "Feria del libro Escolar",
      "date": "2021-10-15",
      "description": "Trae tu libro escolar que ya no usas y lleva el que necesites",
      "category": "Intercambio de Libros",
      "place": "Salón D1",
      "capacity": 150000,
      "assistance":123286,
      "price": 1
    },
    {
      "id": 7,
      "image":"Cine7.jpg",
      "name": "Avengers",
      "date": "2022-10-15",
      "description": "Premier en 3d de Avengers de Marvel el inicio de una saga epica con tus mejores superheroes",
      "category": "Vamos al Cine",
      "place": "Salón D1",
      "capacity": 9000,
      "estimate":9000,
      "price": 250
    }
  ]
}
